Project ID,Project Name,Skills Needed,Team Members Required
1,Customer Portal Redesign,"Python,Java,Communication,Teamwork,Problem Solving",5
2,Data Warehouse Migration,"SQL,Data Analysis,Critical Thinking,Problem Solving",4
3,Mobile App Development,"Java,Python,Project Management,Communication,Teamwork",6
4,Cloud Infrastructure Modernization,"Python,SQL,Project Management,Critical Thinking",5
5,Enterprise Security Audit,"Java,SQL,Problem Solving,Critical Thinking,Communication",4
6,AI-Powered Recommendation Engine,"Python,Machine Learning,Data Analysis,Critical Thinking",7
7,E-commerce Platform Optimization,"Java,Project Management,Communication,Teamwork",3
8,Customer Relationship Management System,"SQL,Data Analysis,Communication,Problem Solving,Teamwork",5
9,Business Intelligence Dashboard,"Data Analysis,Python,SQL,Critical Thinking",6
10,IoT Sensor Network,"Java,Python,Critical Thinking,Problem Solving",4
11,Digital Marketing Campaign,"Communication,Teamwork,Problem Solving,Critical Thinking,Project Management",5
12,DevOps Pipeline Implementation,"Python,Java,SQL,Critical Thinking",7
13,Knowledge Management System,"Project Management,Communication,Teamwork,Problem Solving",3
14,Blockchain Payment Solution,"Java,Python,Machine Learning,Critical Thinking",6
15,Virtual Reality Training Module,"Java,Problem Solving,Communication,Teamwork,Critical Thinking",5
16,Data Privacy Compliance Project,"SQL,Data Analysis,Project Management,Critical Thinking",4
17,Microservices Architecture Implementation,"Java,Python,SQL,Problem Solving,Critical Thinking",7
18,Customer Service Chatbot,"Python,Machine Learning,Communication,Critical Thinking",5
19,Supply Chain Management System,"Data Analysis,Project Management,Problem Solving,Critical Thinking",4
20,Employee Onboarding Platform,"Project Management,Communication,Teamwork,Critical Thinking",6
21,Predictive Maintenance System,"Python,Machine Learning,Data Analysis,SQL",7
22,Enterprise Resource Planning,"SQL,Java,Project Management,Critical Thinking,Problem Solving",5
23,Social Media Analytics Platform,"Python,Data Analysis,Communication,Machine Learning",4
24,Document Management System,"Java,Project Management,Communication,Teamwork",3
25,Network Security Implementation,"Python,Java,Critical Thinking,Problem Solving",5
26,Automated Testing Framework,"Python,Java,SQL,Problem Solving",6
27,Data Visualization Dashboard,"Data Analysis,Python,Critical Thinking,Communication",4
28,Customer Feedback Analysis,"Machine Learning,Data Analysis,Critical Thinking,Communication",5
29,Web Application Redesign,"Java,Python,Communication,Teamwork",7
30,Identity Management System,"Java,SQL,Critical Thinking,Problem Solving,Project Management",4
31,Inventory Management System,"SQL,Data Analysis,Project Management,Problem Solving",6
32,Remote Collaboration Platform,"Java,Python,Communication,Teamwork",5
33,Performance Optimization Project,"Python,SQL,Critical Thinking,Problem Solving",3
34,Database Migration,"SQL,Data Analysis,Critical Thinking,Java,Python",4
35,Mobile Payment Solution,"Java,Python,Communication,Critical Thinking",7
36,Automated Reporting System,"Python,SQL,Data Analysis,Critical Thinking,Problem Solving",5
37,Customer Journey Mapping,"Project Management,Communication,Teamwork,Critical Thinking",4
38,API Gateway Implementation,"Java,Python,SQL,Critical Thinking",6
39,User Access Control System,"Java,SQL,Project Management,Critical Thinking,Problem Solving",5
40,Fraud Detection System,"Python,Machine Learning,Data Analysis,Critical Thinking",7
41,Data Backup and Recovery,"SQL,Python,Critical Thinking,Problem Solving",3
42,Content Management System,"Java,Project Management,Communication,Teamwork",5
43,HR Analytics Dashboard,"Data Analysis,Python,SQL,Critical Thinking",6
44,Automated Onboarding Process,"Project Management,Java,Communication,Teamwork",4
45,IT Service Management Platform,"Python,SQL,Project Management,Critical Thinking,Problem Solving",7
46,Real-time Analytics Engine,"Python,Machine Learning,Data Analysis,SQL,Critical Thinking",5
47,Budget Forecasting Tool,"Data Analysis,Project Management,Critical Thinking,Problem Solving",4
48,Social Engagement Platform,"Java,Python,Communication,Teamwork",6
49,Data Quality Assessment,"SQL,Data Analysis,Python,Critical Thinking",5
50,Supply Chain Optimization,"Project Management,Data Analysis,Problem Solving,Critical Thinking,Communication",7
